<?xml version="1.0" encoding="utf-8"?>
<SourceInsightLayout
	AppVer="4.00.0113"
	AppVerMinReader="4.00.0030"
	>
	<!-- This is a Source Insight desktop layout file. -->
	<!-- www.sourceinsight.com -->
	<MainWindow
		IsMaximized="1"
		IsFullScreen="0"
		>
		<WindowRect Left="-4" Top="-4" Right="904" Bottom="1347" />
		<NormalWindowRect Left="320" Top="244" Right="637" Bottom="437" />
	</MainWindow>
	<Options>
		<WindowTabOptions IsVisible="1" ShowPathInfo="1" SortOrder="Usage" />
	</Options>
	<PanelArea>
		<WorkArea Left="0" Top="88" Right="900" Bottom="1325" />
		<TabTray IsVisible="0" />
		<DockZones>
			<Left>
				<Rect Left="0" Top="94" Right="6" Bottom="1030" />
				<Contents/>
			</Left>
			<Top>
				<Rect Left="0" Top="88" Right="900" Bottom="94" />
				<Contents/>
			</Top>
			<Right>
				<Rect Left="894" Top="94" Right="900" Bottom="1030" />
				<Contents/>
			</Right>
			<Bottom>
				<Rect Left="0" Top="1030" Right="900" Bottom="1325" />
				<Contents>
					<PanelHost
						Title="IDC_BTN_REFPTS_LOCATE"
						id="ContextPanelHost"
						IsHidden="0"
						PctTrans="0"
						IsMinimized="0"
						PanelCount="2"
						idPalActive="ContextPanel"
						>
						<WindowRect Left="450" Top="1036" Right="900" Bottom="1325" />
						<PredockRect Left="275" Top="536" Right="625" Bottom="836" />
						<Panels>
							<Panel id="ContextPanel" IsHidden="0" ViewToolbar="1" />
							<Panel
								id="RelationPanel"
								IsHidden="0"
								ViewToolbar="1"
								>
								<RelationOptions
									ViewMode="Outline"
									IsLocked="0"
									ExcludeMacros="0"
									ShowMetrics="0"
									ShowGraphDetails="1"
									GroupMultipleRefs="1"
									ShowLineNumbers="0"
									ShowFileName="1"
									AutoExpandLevels="1"
									CodeMetricsType="1"
									SortType="2"
									>
									<TrackingOptions tracktype="1" InComments="0" InStrings="0" InAnyFile="0" />
									<SymbolTypes All="1" />
									<CodeMetricsFilter CodeMetricsType="1" MinValue="0" MaxValue="0" />
									<ViewRelationRules
										ForTypes="Contents"
										ForFunctions="References"
										ForVariables="References"
										ForClasses="Inheritance"
										ForFiles="None"
										/>
								</RelationOptions>
								<Columns>
									<Column0 ID="0" Width="192" />
									<Column1 ID="2" Width="144" />
								</Columns>
							</Panel>
						</Panels>
					</PanelHost>
					<PanelHost
						Title="Project Files"
						id="ProjectPanelHost"
						IsHidden="0"
						PctTrans="0"
						IsMinimized="0"
						PanelCount="4"
						idPalActive="ProjectFilePanel"
						>
						<WindowRect Left="0" Top="1036" Right="450" Bottom="1325" />
						<PredockRect Left="100" Top="100" Right="650" Bottom="600" />
						<Panels>
							<Panel
								id="ProjectSymbolPanel"
								IsHidden="0"
								ViewToolbar="1"
								>
								<Columns>
									<Column0 ID="6" Width="192" />
									<Column1 ID="0" Width="96" />
									<Column2 ID="4" Width="96" />
								</Columns>
							</Panel>
							<Panel id="ProjectFolderPanel" IsHidden="0" ViewToolbar="1" />
							<Panel
								id="ProjectSymbolCategoryPanel"
								IsHidden="0"
								ViewToolbar="1"
								>
								<Columns>
									<Column0 ID="7" Width="192" />
									<Column1 ID="0" Width="96" />
								</Columns>
							</Panel>
							<Panel
								id="ProjectFilePanel"
								IsHidden="0"
								ViewToolbar="1"
								>
								<Columns>
									<Column0 ID="0" Width="211" />
									<Column1 ID="1" Width="186" />
									<Column2 ID="2" Width="52" />
									<Column3 ID="3" Width="73" />
									<Column4 ID="4" Width="69" />
								</Columns>
							</Panel>
						</Panels>
					</PanelHost>
				</Contents>
			</Bottom>
		</DockZones>
		<Floating>
			<PanelHost
				Title="Bookmarks"
				id="BookmarkPanelHost"
				IsHidden="1"
				PctTrans="0"
				IsMinimized="0"
				PanelCount="1"
				idPalActive="BookmarkPanel"
				>
				<WindowRect Left="100" Top="210" Right="500" Bottom="400" />
				<PredockRect Left="100" Top="210" Right="500" Bottom="400" />
				<Panels>
					<Panel id="BookmarkPanel" IsHidden="0" ViewToolbar="1" />
				</Panels>
			</PanelHost>
			<PanelHost
				Title="Snippets"
				id="SnippetPanelHost"
				IsHidden="1"
				PctTrans="0"
				IsMinimized="0"
				PanelCount="1"
				idPalActive="SnippetPanel"
				>
				<WindowRect Left="100" Top="210" Right="650" Bottom="400" />
				<PredockRect Left="100" Top="210" Right="650" Bottom="400" />
				<Panels>
					<Panel
						id="SnippetPanel"
						IsHidden="0"
						ViewToolbar="1"
						>
						<Columns>
							<Column0 ID="0" Width="96" />
							<Column1 ID="1" Width="192" />
							<Column2 ID="2" Width="96" />
							<Column3 ID="3" Width="96" />
						</Columns>
					</Panel>
				</Panels>
			</PanelHost>
		</Floating>
	</PanelArea>
	<RelationWindowGlobalOptions ShowAll="1" />
</SourceInsightLayout>
